subset,system,questions,queries_with_results,mrr,ndcg@1,ndcg@3,ndcg@5,hit@1,hit@3,hit@5
known,reproduced_bm25_stdlib,84,84,0.667383,0.547619,0.459298,0.424548,0.547619,0.761905,0.821429
known,walert_bm25_supplied,84,84,0.637711,0.511905,0.491213,0.473323,0.511905,0.72619,0.785714
known,walert_dense_supplied,84,84,0.732899,0.690476,0.611866,0.581202,0.690476,0.75,0.77381
known,walert_intent_supplied,84,70,0.642857,0.642857,0.301679,0.218032,0.642857,0.642857,0.642857
inferred,reproduced_bm25_stdlib,12,12,0.454654,0.25,0.379828,0.379828,0.25,0.666667,0.666667
inferred,walert_bm25_supplied,12,12,0.358882,0.166667,0.256602,0.329101,0.166667,0.416667,0.666667
inferred,walert_dense_supplied,12,12,0.345854,0.25,0.238011,0.238011,0.25,0.333333,0.333333
inferred,walert_intent_supplied,12,2,0.083333,0.083333,0.039107,0.039107,0.083333,0.083333,0.083333
all_answerable,reproduced_bm25_stdlib,96,96,0.640792,0.510417,0.449364,0.418958,0.510417,0.75,0.802083
all_answerable,walert_bm25_supplied,96,96,0.602858,0.46875,0.461886,0.455295,0.46875,0.6875,0.770833
all_answerable,walert_dense_supplied,96,96,0.684518,0.635417,0.565134,0.538303,0.635417,0.697917,0.71875
all_answerable,walert_intent_supplied,96,72,0.572917,0.572917,0.268858,0.195666,0.572917,0.572917,0.572917
